row ID,battleneturl
row ID,/Bomber/
Row0,/Life/
Row1,/Dream/
Row2,/AxHeart/
Row3,/Dream/
Row4,/Bomber/
Row5,/LiquidSnute/
Row6,/Classic/
Row7,/Cure/
Row8,/CMStormPolt/
Row9,/yoeFWSan/
Row10,/Life/
Row11,/Zest/
Row12,/iGJim/
Row13,/INnoVation/
Row14,/Bomber/
Row15,/Life/
Row16,/Trap/
Row17,/sOs/
Row18,/Classic/
Row19,/Classic/
Row20,/INnoVation/
Row21,/ParalyzE/
Row22,/Curious/
Row23,/YongHwa/
Row24,/YoDa/
Row25,/FanTaSy/
Row26,/Solar/
Row27,/Super/
Row28,/Solar/
Row29,/Cure/
Row30,/INnoVation/
Row31,/Stork/
Row32,/herO/
Row33,/Bbyong/
Row34,/INnoVation/
Row35,/WhiteRa/
Row36,/hydra/
Row37,/True/
Row38,/hydra/
Row39,/VortiX/
Row40,/Bomber/
Row41,/Zest/
Row42,/Super/
Row43,/Cure/
Row44,/Super/
Row45,/ParalyzE/
Row46,/Cure/
Row47,/Cure/
Row48,/TYTY/
Row49,/Cure/
Row50,/Cure/
Row51,/ParalyzE/
Row52,/Stork/
Row53,/Stork/
Row54,/herO/
Row55,/Life/
Row56,/Maru/
Row57,/Solar/
Row58,/Rogue/
Row59,/Bbyong/
Row60,/Zest/
Row61,/PartinG/
Row62,/Dear/
Row63,/Zest/
Row64,/Rain/
Row65,/PartinG/
Row66,/Trap/
Row67,/Trap/
Row68,/herO/
Row69,/Trap/
Row70,/herO/
Row71,/Maru/
Row72,/Solar/
Row73,/Solar/
Row74,/Rain/
Row75,/Dark/
Row76,/Curious/
Row77,/Rain/
Row78,/Rain/
Row79,/Curious/
Row80,/Rain/
Row81,/Trap/
Row82,/VortiX/
Row83,/Zest/
Row84,/Zest/
Row85,/Trap/
Row86,/True/
Row87,/soO/
Row88,/Trap/
Row89,/yoeFWSan/
Row90,/Bbyong/
Row91,/INnoVation/
Row92,/viOLet/
Row93,/sOs/
Row94,/Bbyong/
Row95,/Maru/
Row96,/Symbol/
Row97,/hydra/
Row98,/hydra/
Row99,/Stork/
Row100,/PartinG/
Row101,/Maru/
Row102,/Dear/
Row103,/Stardust/
Row104,/YongHwa/
Row105,/ParalyzE/
Row106,/Stardust/
Row107,/Life/
Row108,/Dark/
Row109,/Dear/
Row110,/Bomber/
Row111,/ParalyzE/
Row112,/Stats/
Row113,/Curious/
Row114,/ParalyzE/
Row115,/Stats/
Row116,/LiquidTaeJa/
Row117,/iaguz/
Row118,/Zest/
Row119,/Zest/
Row120,/PartinG/
Row121,/Rain/
Row122,/Zest/
Row123,/Life/
Row124,/soO/
Row125,/soO/
Row126,/soO/
Row127,/sOs/
Row128,/viOLet/
Row129,/Rain/
Row130,/herO/
Row131,/Life/
Row132,/herO/
Row133,/Zest/
Row134,/Maru/
Row135,/Life/
Row136,/Maru/
Row137,/soO/
Row138,/PartinG/
Row139,/Cure/
Row140,/Cure/
Row141,/ParalyzE/
Row142,/Cure/
Row143,/ParalyzE/
Row144,/ParalyzE/
Row145,/TYTY/
Row146,/Cure/
Row147,/Cure/
Row148,/ParalyzE/
Row149,/ParalyzE/
Row150,/iGXiGua/
Row151,/HuK/
Row152,/Bomber/
Row153,/Sen/
Row154,/Sen/
Row155,/Rogue/
Row156,/LiquidTaeJa/
Row157,/Sen/
Row158,/HyuN/
Row159,/Bbyong/
Row160,/iGXiGua/
Row161,/Bomber/
Row162,/CMStormPolt/
Row163,/yoeFWSan/
Row164,/herO/
Row165,/AxHeart/
Row166,/LiquidBunny/
Row167,/ByuL/
Row168,/Bomber/
Row169,/Bomber/
Row170,/HuK/
Row171,/ByuL/
Row172,/CMStormPolt/
Row173,/herO/
Row174,/Stardust/
Row175,/AxHeart/
Row176,/CMStormPolt/
Row177,/LiquidTaeJa/
Row178,/HyuN/
Row179,/HyuN/
Row180,/MaNa/
Row181,/VortiX/
Row182,/Welmu/
Row183,/FireCake/
Row184,/Bunny/
Row185,/iGXiGua/
Row186,/MMA/
Row187,/MMA/
Row188,/MMA/
Row189,/MMA/
Row190,/YoDa/
Row191,/LiquidSnute/
Row192,/yoeFWSan/
Row193,/LiquidTLO/
Row194,/Welmu/
Row195,/MinChul/
Row196,/MinChul/
Row197,/MinChul/
Row198,/MinChul/
Row199,/yoeFWSan/
Row200,/LiquidTLO/
Row201,/MinChul/
Row202,/MinChul/
Row203,/MMA/
Row204,/iGJim/
Row205,/Happy/
Row206,/Nerchio/
Row207,/JJAKJI/
Row208,/ShoWTimE/
Row209,/VortiX/
Row210,/Lilbow/
Row211,/DRG/
Row212,/Lilbow/
Row213,/MaNa/
Row214,/VortiX/
Row215,/VortiX/
Row216,/Welmu/
Row217,/JJAKJI/
Row218,/LiquidSnute/
Row219,/Curious/
Row220,/MǂForGG/
Row221,/MǂForGG/
Row222,/AxHeart/
Row223,/HuK/
Row224,/MinChul/
Row225,/MMA/
Row226,/yoeFWSan/
Row227,/Golden/
Row228,/yoeFWSan/
Row229,/MMA/
Row230,/MinChul/
Row231,/MinChul/
Row232,/Soulkey/
Row233,/MinChul/
Row234,/VortiX/
Row235,/Stats/
Row236,/Dream/
Row237,/Stardust/
Row238,/PartinG/
Row239,/Polt/
Row240,/DRG/
Row241,/DRG/
Row242,/DRG/
Row243,/Super/
Row244,/Cure/
Row245,/Super/
Row246,/Zest/
Row247,/WhiteRa/
Row248,/Dear/
Row249,/Rain/
Row250,/ByuL/
Row251,/ForGG/
Row252,/Soulkey/
Row253,/Soulkey/
Row254,/HyuN/
Row255,/Solar/
Row256,/soO/
Row257,/True/
Row258,/TYTY/
Row259,/soO/
Row260,/TYTY/
Row261,/PartinG/
Row262,/viOLet/
Row263,/viOLet/
Row264,/LiquidTaeJa/
Row265,/MyuNgSiK/
Row266,/Leenock/
Row267,/FanTaSy/
Row268,/LiquidTaeJa/
Row269,/FanTaSy/
Row270,/LiquidSnute/
Row271,/Classic/
Row272,/Classic/
Row273,/Dear/
Row274,/PartinG/
Row275,/Rain/
Row276,/Life/
Row277,/ParalyzE/
Row278,/Dream/
Row279,/Dark/
Row280,/Stork/
Row281,/Dark/
Row282,/Stork/
Row283,/Zest/
Row284,/PartinG/
Row285,/Bbyong/
Row286,/Classic/
Row287,/soO/
Row288,/True/
Row289,/Dark/
Row290,/Zest/
Row291,/Dark/
Row292,/Dark/
Row293,/True/
Row294,/Leenock/
Row295,/soO/
Row296,/Trap/
Row297,/sOs/
Row298,/Zest/
Row299,/Rain/
Row300,/Symbol/
Row301,/Stork/
Row302,/Classic/
Row303,/Rogue/
Row304,/Rogue/
Row305,/MyuNgSiK/
Row306,/DRG/
Row307,/ParalyzE/
Row308,/ParalyzE/
Row309,/viOLet/
Row310,/PartinG/
Row311,/Bbyong/
Row312,/Bbyong/
Row313,/Solar/
Row314,/Trap/
Row315,/Soulkey/
Row316,/Soulkey/
Row317,/herO/
Row318,/Curious/
Row319,/INnoVation/
Row320,/INnoVation/
Row321,/PartinG/
Row322,/iGJim/
Row323,/MyuNgSiK/
Row324,/LiquidTaeJa/
Row325,/soO/
Row326,/ParalyzE/
Row327,/Classic/
Row328,/Soulkey/
Row329,/Zest/
Row330,/Solar/
Row331,/True/
Row332,/Zest/
Row333,/viOLet/
Row334,/iGJim/
Row335,/Pigbaby/
Row336,/WhiteRa/
Row337,/iGJim/
Row338,/Sen/
Row339,/Sen/
Row340,/Bomber/
Row341,/Rogue/
Row342,/Happy/
Row343,/Pigbaby/
Row344,/HyuN/
Row345,/CMStormPolt/
Row346,/viOLet/
Row347,/iGXiGua/
Row348,/LiquidTaeJa/
Row349,/viOLet/
Row350,/viOLet/
Row351,/Pigbaby/
Row352,/Pigbaby/
Row353,/Life/
Row354,/Bomber/
Row355,/sOs/
Row356,/LiquidTaeJa/
Row357,/INnoVation/
Row358,/Rogue/
Row359,/LiquidTaeJa/
Row360,/iGJim/
Row361,/DRG/
Row362,/HyuN/
Row363,/Rogue/
Row364,/CMStormPolt/
Row365,/Bomber/
Row366,/Pigbaby/
Row367,/HyuN/
Row368,/iGXiGua/
Row369,/Soulkey/
Row370,/Happy/
Row371,/LiquidTLO/
Row372,/MinChul/
Row373,/AxHeart/
Row374,/Hydra/
Row375,/HyuN/
Row376,/Bbyong/
Row377,/JJAKJI/
Row378,/MaNa/
Row379,/MinChul/
Row380,/Welmu/
Row381,/MinChul/
Row382,/iGJim/
Row383,/Welmu/
Row384,/yoeFWSan/
Row385,/ShoWTimE/
Row386,/MMA/
Row387,/yoeFWSan/
Row388,/Stardust/
Row389,/Welmu/
Row390,/Bunny/
Row391,/LiquidSnute/
Row392,/LiquidBunny/
Row393,/Polt/
Row394,/Bbyong/
Row395,/yoeFWSan/
Row396,/Stardust/
Row397,/FireCake/
Row398,/yoeFWSan/
Row399,/herO/
Row400,/Lilbow/
Row401,/LiquidTLO/
Row402,/Happy/
Row403,/Sen/
Row404,/WhiteRa/
Row405,/Golden/
Row406,/LiquidSnute/
Row407,/yoeFWSan/
Row408,/yoeFWSan/
Row409,/YoDa/
Row410,/Welmu/
Row411,/MMA/
Row412,/Welmu/
Row413,/Maru/
Row414,/Stardust/
Row415,/Stardust/
Row416,/LiquidSnute/
Row417,/Soulkey/
Row418,/Zest/
Row419,/Super/
Row420,/Zest/
Row421,/ParalyzE/
Row422,/Rain/
Row423,/Solar/
Row424,/Zest/
Row425,/Maru/
Row426,/Stats/
Row427,/Stats/
Row428,/herO/
Row429,/ParalyzE/
Row430,/Bbyong/
Row431,/DRG/
Row432,/INnoVation/
Row433,/soO/
Row434,/INnoVation/
Row435,/soO/
Row436,/sOs/
Row437,/sOs/
Row438,/MyuNgSiK/
Row439,/MyuNgSiK/
Row440,/Trap/
Row441,/Life/
Row442,/iGJim/
Row443,/Zest/
Row444,/Stats/
Row445,/Soulkey/
Row446,/Soulkey/
Row447,/Cure/
Row448,/INnoVation/
Row449,/Rogue/
Row450,/Dear/
Row451,/ParalyzE/
Row452,/soO/
Row453,/Soulkey/
Row454,/Zest/
Row455,/DRG/
Row456,/True/
Row457,/Solar/
Row458,/yoeFWSan/
Row459,/Trap/
Row460,/Zest/
Row461,/Rain/
Row462,/Solar/
Row463,/Solar/
Row464,/DRG/
Row465,/soO/
Row466,/herO/
Row467,/Stats/
Row468,/soO/
Row469,/Zest/
Row470,/Rain/
Row471,/Trap/
Row472,/iaguz/
Row473,/Bomber/
Row474,/HuK/
Row475,/Pigbaby/
Row476,/LiquidTaeJa/
Row477,/CMStormPolt/
Row478,/AxHeart/
Row479,/AxHeart/
Row480,/Bomber/
Row481,/AxHeart/
Row482,/MMA/
Row483,/CMStormPolt/
Row484,/CMStormPolt/
Row485,/Pigbaby/
Row486,/iGXiGua/
Row487,/AxHeart/
Row488,/iGXiGua/
Row489,/iGXiGua/
Row490,/LiquidTaeJa/
Row491,/AxHeart/
Row492,/INnoVation/
Row493,/AxHeart/
Row494,/Polt/
Row495,/CMStormPolt/
Row496,/Bomber/
Row497,/Pigbaby/
Row498,/Bomber/
Row499,/Bomber/
Row500,/CMStormPolt/
Row501,/LiquidBunny/
Row502,/viOLet/
Row503,/iaguz/
Row504,/Sen/
Row505,/ShoWTimE/
Row506,/Happy/
Row507,/VortiX/
Row508,/LiquidTLO/
Row509,/Sen/
Row510,/sOs/
Row511,/MMA/
Row512,/Stardust/
Row513,/LiquidSnute/
Row514,/Stardust/
Row515,/JJAKJI/
Row516,/YoDa/
Row517,/MMA/
Row518,/LiquidBunny/
Row519,/Bunny/
Row520,/PartinG/
Row521,/ShoWTimE/
Row522,/herO/
Row523,/JJAKJI/
Row524,/JJAKJI/
Row525,/JJAKJI/
Row526,/FanTaSy/
Row527,/Sen/
Row528,/iaguz/
Row529,/LiquidSnute/
Row530,/Lilbow/
Row531,/yoeFWSan/
Row532,/Soulkey/
Row533,/Welmu/
Row534,/Lilbow/
Row535,/YoDa/
Row536,/Golden/
Row537,/LiquidSnute/
Row538,/MMA/
Row539,/MinChul/
Row540,/MinChul/
Row541,/LiquidBunny/
Row542,/MMA/
Row543,/YoDa/
Row544,/LiquidTaeJa/
Row545,/Life/
Row546,/PartinG/
Row547,/Dark/
Row548,/INnoVation/
Row549,/herO/
Row550,/Rain/
Row551,/Soulkey/
Row552,/Soulkey/
Row553,/Soulkey/
Row554,/Life/
Row555,/Bomber/
Row556,/Bbyong/
Row557,/Curious/
Row558,/Solar/
Row559,/YongHwa/
Row560,/herO/
Row561,/MMA/
Row562,/PartinG/
Row563,/Stats/
Row564,/FanTaSy/
Row565,/Life/
Row566,/Dear/
Row567,/Life/
Row568,/iGJim/
Row569,/Bunny/
Row570,/YongHwa/
Row571,/herO/
Row572,/Curious/
Row573,/TYTY/
Row574,/Maru/
Row575,/PartinG/
Row576,/herO/
Row577,/MinChul/
Row578,/Curious/
Row579,/MMA/
Row580,/Dark/
Row581,/AxHeart/
Row582,/Super/
Row583,/FanTaSy/
Row584,/FanTaSy/
Row585,/Dark/
Row586,/herO/
Row587,/Bbyong/
Row588,/Stork/
Row589,/Pigbaby/
Row590,/Life/
Row591,/MMA/
Row592,/Solar/
Row593,/Life/
Row594,/Stats/
Row595,/Rogue/
Row596,/Rogue/
Row597,/Rogue/
Row598,/PartinG/
Row599,/Bunny/
Row600,/MinChul/
Row601,/Classic/
Row602,/ByuL/
Row603,/YongHwa/
Row604,/Cure/
Row605,/Rain/
Row606,/LiquidTaeJa/
Row607,/Dream/
Row608,/FanTaSy/
Row609,/Lilbow/
Row610,/FanTaSy/
Row611,/Rain/
Row612,/herO/
Row613,/Dear/
Row614,/Stats/
Row615,/Classic/
Row616,/Stats/
Row617,/Stats/
Row618,/Rogue/
Row619,/Maru/
Row620,/Maru/
Row621,/Stork/
Row622,/YongHwa/
Row623,/YongHwa/
Row624,/Life/
Row625,/Life/
Row626,/Life/
Row627,/Maru/
Row628,/Stats/
Row629,/Stats/
Row630,/Maru/
Row631,/Maru/
Row632,/Maru/
Row633,/Leenock/
Row634,/Stats/
Row635,/herO/
Row636,/Stats/
Row637,/Dear/
Row638,/Life/
Row639,/Polt/
Row640,/Hydra/
Row641,/ForGG/
Row642,/Symbol/
Row643,/yoeFWSan/
Row644,/ForGG/
Row645,/ShoWTimE/
Row646,/viOLet/
Row647,/MinChul/
Row648,/FireCake/
Row649,/FireCake/
Row650,/MaNa/
Row651,/Zest/
Row652,/Hydra/
Row653,/Bunny/
Row654,/Welmu/
Row655,/Bunny/
Row656,/Welmu/
Row657,/ShoWTimE/
Row658,/iaguz/
Row659,/Bunny/
Row660,/Kane/
Row661,/LiquidBunny/
Row662,/iGXiGua/
Row663,/iGXiGua/
Row664,/Curious/
Row665,/Nerchio/
Row666,/LiquidTLO/
Row667,/FireCake/
Row668,/FanTaSy/
Row669,/LiquidTLO/
Row670,/Sen/
Row671,/Bunny/
Row672,/Happy/
Row673,/yoeFWSan/
Row674,/ShoWTimE/
Row675,/Happy/
Row676,/MǂForGG/
Row677,/Sen/
Row678,/FireCake/
Row679,/WhiteRa/
Row680,/Kane/
Row681,/Solar/
Row682,/iaguz/
Row683,/Zest/
Row684,/Sen/
Row685,/Hydra/
Row686,/Polt/
Row687,/MaNa/
Row688,/Hydra/
Row689,/Kane/
Row690,/ShoWTimE/
Row691,/Rain/
Row692,/sOs/
Row693,/PartinG/
Row694,/Dear/
Row695,/Dream/
Row696,/FanTaSy/
Row697,/sOs/
Row698,/Stork/
Row699,/AxHeart/
Row700,/LiquidTaeJa/
Row701,/MinChul/
Row702,/hydra/
Row703,/YoDa/
Row704,/ByuL/
Row705,/Bbyong/
Row706,/ByuL/
Row707,/Rogue/
Row708,/Stork/
Row709,/Dark/
Row710,/PartinG/
Row711,/soO/
Row712,/MyuNgSiK/
Row713,/FanTaSy/
Row714,/DRG/
Row715,/Bomber/
Row716,/Bomber/
Row717,/INnoVation/
Row718,/TYTY/
Row719,/herO/
Row720,/herO/
Row721,/iGXiGua/
Row722,/sOs/
Row723,/hydra/
Row724,/LiquidBunny/
Row725,/Dark/
Row726,/LiquidSnute/
Row727,/Dream/
Row728,/sOs/
Row729,/Solar/
Row730,/Dark/
Row731,/MyuNgSiK/
Row732,/herO/
Row733,/iGXiGua/
Row734,/Maru/
Row735,/MyuNgSiK/
Row736,/Bomber/
Row737,/INnoVation/
Row738,/sOs/
Row739,/MyuNgSiK/
Row740,/soO/
Row741,/herO/
Row742,/Rogue/
Row743,/yoeFWSan/
Row744,/Dear/
Row745,/Curious/
Row746,/Super/
Row747,/FanTaSy/
Row748,/VortiX/
Row749,/Rogue/
Row750,/Bunny/
Row751,/FanTaSy/
Row752,/Zest/
Row753,/Rain/
Row754,/YoDa/
Row755,/MinChul/
Row756,/Curious/
Row757,/Curious/
Row758,/Rain/
Row759,/Solar/
Row760,/Rain/
Row761,/ByuL/
Row762,/Life/
Row763,/Rain/
Row764,/Rain/
Row765,/herO/
Row766,/Pigbaby/
Row767,/ByuL/
Row768,/JJAKJI/
Row769,/Dear/
Row770,/soO/
Row771,/yoeFWSan/
Row772,/Maru/
Row773,/Dream/
Row774,/Zest/
Row775,/Maru/
Row776,/Leenock/
Row777,/ParalyzE/
Row778,/Dream/
Row779,/Classic/
Row780,/INnoVation/
Row781,/Life/
Row782,/ByuL/
Row783,/Trap/
Row784,/INnoVation/
Row785,/ByuL/
Row786,/Maru/
Row787,/soO/
Row788,/Dear/
Row789,/Maru/
Row790,/herO/
Row791,/Maru/
Row792,/Life/
Row793,/Dream/
Row794,/Dream/
Row795,/Dream/
Row796,/Dream/
Row797,/Classic/
Row798,/Dream/
Row799,/CMStormPolt/
Row800,/Pigbaby/
Row801,/MǂForGG/
Row802,/Happy/
Row803,/Sen/
Row804,/ShoWTimE/
Row805,/iGXiGua/
Row806,/MaNa/
Row807,/iGJim/
Row808,/MinChul/
Row809,/Kane/
Row810,/LiquidSnute/
Row811,/herO/
Row812,/herO/
Row813,/Happy/
Row814,/Solar/
Row815,/Sen/
Row816,/Symbol/
Row817,/Polt/
Row818,/MaNa/
Row819,/iaguz/
Row820,/FireCake/
Row821,/iaguz/
Row822,/Life/
Row823,/hydra/
Row824,/Lilbow/
Row825,/MMA/
Row826,/VortiX/
Row827,/iaguz/
Row828,/iaguz/
Row829,/Lilbow/
Row830,/Lilbow/
Row831,/Polt/
Row832,/Stardust/
Row833,/Bomber/
Row834,/Pigbaby/
Row835,/Hydra/
Row836,/Polt/
Row837,/Polt/
Row838,/herO/
Row839,/Hydra/
Row840,/Polt/
Row841,/Polt/
Row842,/Lilbow/
Row843,/Hydra/
Row844,/Super/
Row845,/Bbyong/
Row846,/Pigbaby/
Row847,/Pigbaby/
Row848,/Dream/
Row849,/Bomber/
Row850,/Life/
Row851,/Trap/
Row852,/YongHwa/
Row853,/Dear/
Row854,/LiquidTLO/
Row855,/ParalyzE/
Row856,/DRG/
Row857,/soO/
Row858,/LiquidTaeJa/
Row859,/TYTY/
Row860,/TYTY/
Row861,/HyuN/
Row862,/HyuN/
Row863,/Zest/
Row864,/MyuNgSiK/
Row865,/Cure/
Row866,/iGJim/
Row867,/Maru/
Row868,/Bomber/
Row869,/Classic/
Row870,/Bomber/
Row871,/sOs/
Row872,/ParalyzE/
Row873,/Classic/
Row874,/Rogue/
Row875,/Dream/
Row876,/Rain/
Row877,/Curious/
Row878,/Bomber/
Row879,/herO/
Row880,/PartinG/
Row881,/MMA/
Row882,/PartinG/
Row883,/INnoVation/
Row884,/Rogue/
Row885,/Rogue/
Row886,/soO/
Row887,/Rain/
Row888,/Stats/
Row889,/Dear/
Row890,/Life/
Row891,/Rogue/
Row892,/MǂForGG/
Row893,/Solar/
Row894,/herO/
Row895,/Cure/
Row896,/Zest/
Row897,/Dear/
Row898,/Zest/
Row899,/CMStormPolt/
Row900,/PartinG/
Row901,/Classic/
Row902,/Rogue/
Row903,/Soulkey/
Row904,/Leenock/
Row905,/soO/
Row906,/TYTY/
Row907,/MyuNgSiK/
Row908,/Solar/
Row909,/Solar/
Row910,/Bomber/
Row911,/Trap/
Row912,/sOs/
Row913,/Zest/
Row914,/HyuN/
Row915,/Maru/
Row916,/Classic/
Row917,/Classic/
Row918,/Rogue/
Row919,/Rogue/
Row920,/Classic/
Row921,/Bbyong/
Row922,/Dark/
Row923,/Rain/
Row924,/Dream/
Row925,/Dear/
Row926,/sOs/
Row927,/Life/
Row928,/Zest/
Row929,/Stats/
Row930,/TYTY/
Row931,/Stats/
Row932,/Classic/
Row933,/Classic/
Row934,/herO/
Row935,/Bbyong/
Row936,/Dream/
Row937,/FireCake/
Row938,/iGJim/
Row939,/Bomber/
Row940,/Lilbow/
Row941,/ForGG/
Row942,/Welmu/
Row943,/LiquidTLO/
Row944,/iGXiGua/
Row945,/Lilbow/
Row946,/Kane/
Row947,/LiquidTLO/
Row948,/LiquidTLO/
Row949,/WhiteRa/
Row950,/Sen/
Row951,/AxHeart/
Row952,/viOLet/
Row953,/viOLet/
Row954,/CMStormPolt/
Row955,/Nerchio/
Row956,/Hydra/
Row957,/Sen/
Row958,/ShoWTimE/
Row959,/iaguz/
Row960,/LiquidTLO/
Row961,/iaguz/
Row962,/Stardust/
Row963,/MaNa/
Row964,/MaNa/
Row965,/MaNa/
Row966,/Super/
Row967,/viOLet/
Row968,/MaNa/
Row969,/viOLet/
Row970,/hydra/
Row971,/iaguz/
Row972,/ForGG/
Row973,/ForGG/
Row974,/ForGG/
Row975,/ForGG/
Row976,/Lilbow/
Row977,/MaNa/
Row978,/Lilbow/
Row979,/WhiteRa/
Row980,/WhiteRa/
Row981,/WhiteRa/
Row982,/WhiteRa/
Row983,/WhiteRa/
Row984,/WhiteRa/
Row985,/WhiteRa/
Row986,/WhiteRa/
Row987,/WhiteRa/
Row988,/WhiteRa/
Row989,/WhiteRa/
Row990,/WhiteRa/
Row991,/WhiteRa/
Row992,/WhiteRa/
Row993,/WhiteRa/
Row994,/WhiteRa/
Row995,/WhiteRa/
Row996,/WhiteRa/
Row997,/WhiteRa/
Row998,/INnoVation/
Row999,/MyuNgSiK/
Row1000,/JJAKJI/
Row1001,/WhiteRa/
Row1002,/WhiteRa/
Row1003,/WhiteRa/
Row1004,/AxHeart/
Row1005,/WhiteRa/
Row1006,/CMStormPolt/
Row1007,/WhiteRa/
Row1008,/WhiteRa/
Row1009,/WhiteRa/
Row1010,/WhiteRa/
Row1011,/WhiteRa/
Row1012,/WhiteRa/
Row1013,/WhiteRa/
Row1014,/CMStormPolt/
Row1015,/WhiteRa/
Row1016,/WhiteRa/
Row1017,/WhiteRa/
Row1018,/WhiteRa/
Row1019,/WhiteRa/
Row1020,/Welmu/
Row1021,/WhiteRa/
Row1022,/WhiteRa/
Row1023,/WhiteRa/
